what,kind,bundleId,bundleVersion,description,time
started,bundle,org.eclipse.ui.forms,3.5.100.v20110425,"org.eclipse.ui.forms",1474434350676
started,bundle,org.eclipse.ui.net,1.2.100.I20110511-0800,"org.eclipse.ui.net",1474434350677
started,bundle,org.eclipse.ui.views,3.6.0.I20110412-0800,"org.eclipse.ui.views",1474434350678
started,bundle,org.eclipse.ui.views.log,1.0.200.v20110404,"org.eclipse.ui.views.log",1474434350679
started,bundle,org.eclipse.update.configurator,3.3.100.v20100512,"org.eclipse.update.configurator",1474434350679
started,bundle,org.eclipse.update.core,3.2.500.v20110330,"org.eclipse.update.core",1474434350680
started,bundle,org.eclipse.update.scheduler,3.2.300.v20100512,"org.eclipse.update.scheduler",1474434350681
started,bundle,org.eclipse.wst.common.core,1.2.0.v200908252030,"org.eclipse.wst.common.core",1474434350682
started,bundle,org.eclipse.wst.common.emf,1.2.100.v201101101900,"org.eclipse.wst.common.emf",1474434350683
started,bundle,org.eclipse.wst.common.frameworks.ui,1.2.100.v201105122000,"org.eclipse.wst.common.frameworks.ui",1474434350684
started,bundle,org.eclipse.wst.common.project.facet.core,1.4.200.v201103170332,"org.eclipse.wst.common.project.facet.core",1474434350684
started,bundle,org.eclipse.wst.common.uriresolver,1.1.401.v201004280700,"org.eclipse.wst.common.uriresolver",1474434350685
started,bundle,org.eclipse.wst.css.core,1.1.500.v201104191926,"org.eclipse.wst.css.core",1474434350686
started,bundle,org.eclipse.wst.css.ui,1.0.600.v201103022054,"org.eclipse.wst.css.ui",1474434350687
started,bundle,org.eclipse.wst.dtd.ui,1.0.600.v201103171359,"org.eclipse.wst.dtd.ui",1474434350688
started,bundle,org.eclipse.wst.jsdt.manipulation,1.0.300.v201104272153,"org.eclipse.wst.jsdt.manipulation",1474434350690
started,bundle,org.eclipse.wst.jsdt.web.support.jsp,1.0.400.v201102241833,"org.eclipse.wst.jsdt.web.support.jsp",1474434350692
started,bundle,org.eclipse.wst.web,1.1.500.v201104251400,"org.eclipse.wst.web",1474434350692
started,bundle,com.collabnet.subversion.merge,2.2.4,"com.collabnet.subversion.merge",1474434350694
started,bundle,org.tigris.subversion.clientadapter,1.6.12,"org.tigris.subversion.clientadapter",1474434350695
started,bundle,org.tigris.subversion.subclipse.core,1.6.18,"org.tigris.subversion.subclipse.core",1474434350696
started,bundle,org.tigris.subversion.subclipse.mylyn,3.0.0,"org.tigris.subversion.subclipse.mylyn",1474434350697
started,bundle,org.tigris.subversion.subclipse.tools.usage,1.0.1,"org.tigris.subversion.subclipse.tools.usage",1474434350697
started,bundle,org.tigris.subversion.subclipse.ui,1.6.18,"org.tigris.subversion.subclipse.ui",1474434350699
started,bundle,org.eclipse.equinox.simpleconfigurator,1.0.300.v20110815-1744,"org.eclipse.equinox.simpleconfigurator",1474434350700
started,bundle,com.ibm.icu,4.4.2.v20110823,"com.ibm.icu",1474434350701
started,bundle,org.eclipse.compare,3.5.300.I20110823-0800,"org.eclipse.compare",1474434350702
started,bundle,org.eclipse.core.filesystem,1.3.200.v20110909b,"org.eclipse.core.filesystem",1474434350703
started,bundle,org.eclipse.core.jobs,3.5.200.v20110721-1714,"org.eclipse.core.jobs",1474434350704
started,bundle,org.eclipse.core.net,1.2.200.I20110912-1300,"org.eclipse.core.net",1474434350705
started,bundle,org.eclipse.core.resources,3.8.0.v20110909,"org.eclipse.core.resources",1474434350706
started,bundle,org.eclipse.core.runtime,3.7.0.v20110912-1510,"org.eclipse.core.runtime",1474434350707
started,bundle,org.eclipse.core.runtime.compatibility,3.2.100.v20110721-1714,"org.eclipse.core.runtime.compatibility",1474434350708
started,bundle,org.eclipse.debug.core,3.7.100.v20110808,"org.eclipse.debug.core",1474434350710
started,bundle,org.eclipse.debug.ui,3.7.200.v20110909,"org.eclipse.debug.ui",1474434350714
started,bundle,org.eclipse.equinox.ds,1.3.100.v20110705,"org.eclipse.equinox.ds",1474434350715
started,bundle,org.eclipse.equinox.p2.core,2.1.0.v20110808-1657,"org.eclipse.equinox.p2.core",1474434350715
started,bundle,org.eclipse.equinox.p2.directorywatcher,1.0.300.v20110808-1657,"org.eclipse.equinox.p2.directorywatcher",1474434350716
started,bundle,org.eclipse.equinox.p2.engine,2.1.100.v20110831-0232,"org.eclipse.equinox.p2.engine",1474434350717
started,bundle,org.eclipse.equinox.p2.metadata,2.1.0.v20110808-1657,"org.eclipse.equinox.p2.metadata",1474434350718
started,bundle,org.eclipse.equinox.p2.metadata.repository,1.2.0.v20110808-1657,"org.eclipse.equinox.p2.metadata.repository",1474434350720
started,bundle,org.eclipse.equinox.p2.operations,2.1.100.v20110815-1744,"org.eclipse.equinox.p2.operations",1474434350720
started,bundle,org.eclipse.equinox.p2.reconciler.dropins,1.1.200.v20110817-1504,"org.eclipse.equinox.p2.reconciler.dropins",1474434350722
started,bundle,org.eclipse.equinox.p2.repository,2.1.0.v20110815-1744,"org.eclipse.equinox.p2.repository",1474434350722
started,bundle,org.eclipse.equinox.p2.ui.sdk.scheduler,1.1.0.v20110815-1744,"org.eclipse.equinox.p2.ui.sdk.scheduler",1474434350723
started,bundle,org.eclipse.equinox.p2.updatechecker,1.1.200.v20110808-1657,"org.eclipse.equinox.p2.updatechecker",1474434350724
started,bundle,org.eclipse.equinox.preferences,3.4.100.v20110823-1251,"org.eclipse.equinox.preferences",1474434350726
started,bundle,org.eclipse.equinox.registry,3.5.200.v20110815-1601,"org.eclipse.equinox.registry",1474434350727
started,bundle,org.eclipse.equinox.security,1.1.100.v20110815-1601,"org.eclipse.equinox.security",1474434350728
started,bundle,org.eclipse.jdt.core,3.8.0.v_C10,"org.eclipse.jdt.core",1474434350744
started,bundle,org.eclipse.jdt.launching,3.6.100.v20110803,"org.eclipse.jdt.launching",1474434350745
started,bundle,org.eclipse.jdt.ui,3.8.0.v20110913-2000,"org.eclipse.jdt.ui",1474434350751
started,bundle,org.eclipse.jface,3.8.0.v20110912-1546,"org.eclipse.jface",1474434350752
started,bundle,org.eclipse.jsch.core,1.1.400.I20110912-1300,"org.eclipse.jsch.core",1474434350753
started,bundle,org.eclipse.jst.j2ee,1.1.501.v201108231845,"org.eclipse.jst.j2ee",1474434350758
started,bundle,org.eclipse.jst.j2ee.core,1.2.101.v201108110300,"org.eclipse.jst.j2ee.core",1474434350767
started,bundle,org.eclipse.jst.jsp.core,1.2.401.v201108302147,"org.eclipse.jst.jsp.core",1474434350771
started,bundle,org.eclipse.jst.jsp.ui,1.1.601.v201108151912,"org.eclipse.jst.jsp.ui",1474434350772
started,bundle,org.eclipse.m2e.core,1.0.100.20110804-1717,"org.eclipse.m2e.core",1474434350772
started,bundle,org.eclipse.m2e.jdt,1.0.100.20110804-1717,"org.eclipse.m2e.jdt",1474434350776
started,bundle,org.eclipse.m2e.logback.configuration,1.0.100.20110804-1717,"org.eclipse.m2e.logback.configuration",1474434350777
started,bundle,org.eclipse.m2e.usagedata,1.0.100.20110804-1717,"org.eclipse.m2e.usagedata",1474434350777
started,bundle,org.eclipse.pde.launching,3.6.100.v20110908-1604,"org.eclipse.pde.launching",1474434350780
started,bundle,org.eclipse.pde.ui,3.6.200.v20110913-1625,"org.eclipse.pde.ui",1474434350782
started,bundle,org.eclipse.search,3.7.100.v20110906-0800,"org.eclipse.search",1474434350784
started,bundle,org.eclipse.team.core,3.6.100.I20110912-1300,"org.eclipse.team.core",1474434350784
started,bundle,org.eclipse.team.cvs.core,3.3.500.I20110912-1300,"org.eclipse.team.cvs.core",1474434350785
started,bundle,org.eclipse.team.cvs.ui,3.3.500.I20110912-1300,"org.eclipse.team.cvs.ui",1474434350787
started,bundle,org.eclipse.team.ui,3.6.200.I20110912-1300,"org.eclipse.team.ui",1474434350788
started,bundle,org.eclipse.ui,3.7.100.v20110711-2027,"org.eclipse.ui",1474434350790
started,bundle,org.eclipse.ui.editors,3.7.0.v20110913-2000,"org.eclipse.ui.editors",1474434350790
started,bundle,org.eclipse.ui.ide,3.8.0.v20110831-1902,"org.eclipse.ui.ide",1474434350792
started,bundle,org.eclipse.ui.workbench,3.8.0.v20110909-1954,"org.eclipse.ui.workbench",1474434350793
started,bundle,org.eclipse.ui.workbench.texteditor,3.7.100.v20110816-0800,"org.eclipse.ui.workbench.texteditor",1474434350794
started,bundle,org.eclipse.wst.common.emfworkbench.integration,1.2.101.v201107140600,"org.eclipse.wst.common.emfworkbench.integration",1474434350795
started,bundle,org.eclipse.wst.common.frameworks,1.2.101.v201107192200,"org.eclipse.wst.common.frameworks",1474434350796
started,bundle,org.eclipse.wst.common.modulecore,1.2.101.v201108231700,"org.eclipse.wst.common.modulecore",1474434350797
started,bundle,org.eclipse.wst.jsdt.core,1.1.101.v201108151912,"org.eclipse.wst.jsdt.core",1474434350798
started,bundle,org.eclipse.wst.jsdt.ui,1.1.101.v201108151912,"org.eclipse.wst.jsdt.ui",1474434350802
started,bundle,org.eclipse.wst.sse.core,1.1.601.v201108151912,"org.eclipse.wst.sse.core",1474434350802
started,bundle,org.eclipse.wst.sse.ui,1.3.1.v201108191312,"org.eclipse.wst.sse.ui",1474434350804
started,bundle,org.eclipse.wst.validation,1.2.302.v201107140600,"org.eclipse.wst.validation",1474434350804
started,bundle,org.eclipse.wst.xml.core,1.1.601.v201108302147,"org.eclipse.wst.xml.core",1474434350805
started,bundle,org.eclipse.wst.xml.ui,1.1.201.v201108151912,"org.eclipse.wst.xml.ui",1474434350806
started,bundle,org.jboss.tools.usage,1.1.0.v20110915-1626-H18-M3,"org.jboss.tools.usage",1474434350807
started,bundle,org.eclipse.emf.common,2.7.0.v20110605-0747,"org.eclipse.emf.common",1474434350807
started,bundle,org.eclipse.emf.ecore,2.7.0.v20110605-0747,"org.eclipse.emf.ecore",1474434350808
started,bundle,org.eclipse.epp.mpc.ui,1.1.0.I20110525-0742,"org.eclipse.epp.mpc.ui",1474434350815
started,bundle,org.eclipse.epp.usagedata.gathering,1.3.1.R201106061540,"org.eclipse.epp.usagedata.gathering",1474434350817
started,bundle,org.eclipse.epp.usagedata.recording,1.3.1.R201106061540,"org.eclipse.epp.usagedata.recording",1474434350818
started,bundle,org.eclipse.jpt.common.core,1.0.0.v201105180000,"org.eclipse.jpt.common.core",1474434350819
started,bundle,org.eclipse.jpt.jpa.core,3.0.0.v201105250001,"org.eclipse.jpt.jpa.core",1474434350820
started,bundle,org.eclipse.jst.ws.jaxrs.core,1.0.300.v201011231608,"org.eclipse.jst.ws.jaxrs.core",1474434350821
started,bundle,org.eclipse.jst.ws.jaxws.utils,1.0.0.v201004171919,"org.eclipse.jst.ws.jaxws.utils",1474434350831
started,bundle,org.eclipse.mylyn.bugzilla.core,3.6.0.v20110608-1400,"org.eclipse.mylyn.bugzilla.core",1474434350833
started,bundle,org.eclipse.mylyn.bugzilla.ui,3.6.0.v20110608-1400,"org.eclipse.mylyn.bugzilla.ui",1474434350834
started,bundle,org.eclipse.mylyn.commons.ui,3.6.0.v20110608-1400,"org.eclipse.mylyn.commons.ui",1474434350835
started,bundle,org.eclipse.mylyn.context.core,3.6.0.v20110608-1400,"org.eclipse.mylyn.context.core",1474434350836
started,bundle,org.eclipse.mylyn.tasks.ui,3.6.0.v20110608-1400,"org.eclipse.mylyn.tasks.ui",1474434350867
started,bundle,org.eclipse.mylyn.team.ui,3.6.0.v20110608-1400,"org.eclipse.mylyn.team.ui",1474434350868
started,bundle,org.eclipse.wst.html.core,1.1.500.v201104191551,"org.eclipse.wst.html.core",1474434350870
started,bundle,org.eclipse.wst.html.ui,1.0.600.v201104211436,"org.eclipse.wst.html.ui",1474434350871
started,bundle,org.eclipse.wst.jsdt.web.core,1.0.400.v201104190230,"org.eclipse.wst.jsdt.web.core",1474434350874
started,bundle,org.eclipse.wst.jsdt.web.ui,1.0.400.v201103080228,"org.eclipse.wst.jsdt.web.ui",1474434350875
os,sysinfo,,,"win32",1474434350919
arch,sysinfo,,,"x86_64",1474434350919
ws,sysinfo,,,"win32",1474434350919
locale,sysinfo,,,"zh_CN",1474434350919
processors,sysinfo,,,"4",1474434350920
java.runtime.name,sysinfo,,,"Java(TM) SE Runtime Environment",1474434350920
java.runtime.version,sysinfo,,,"1.7.0_01-b08",1474434350920
java.specification.name,sysinfo,,,"Java Platform API Specification",1474434350920
java.specification.vendor,sysinfo,,,"Oracle Corporation",1474434350920
java.specification.version,sysinfo,,,"1.7",1474434350920
java.vendor,sysinfo,,,"Oracle Corporation",1474434350920
java.version,sysinfo,,,"1.7.0_01",1474434350920
java.vm.info,sysinfo,,,"mixed mode",1474434350920
java.vm.name,sysinfo,,,"Java HotSpot(TM) 64-Bit Server VM",1474434350920
java.vm.specification.name,sysinfo,,,"Java Virtual Machine Specification",1474434350920
java.vm.specification.vendor,sysinfo,,,"Oracle Corporation",1474434350920
java.vm.specification.version,sysinfo,,,"1.7",1474434350920
java.vm.vendor,sysinfo,,,"Oracle Corporation",1474434350920
java.vm.version,sysinfo,,,"21.1-b02",1474434350920
started,bundle,org.eclipse.epp.usagedata.ui,1.3.1.R201106061540,"org.eclipse.epp.usagedata.ui",1474434352027
error,log,,,"Unable to update index for local-nexus|http://114.215.190.138:8081/nexus/content/groups/public/",1474434352755
started,bundle,org.eclipse.core.variables,3.2.600.v20110711,"org.eclipse.core.variables",1474434353020
error,log,,,"Unable to update index for central|http://repo1.maven.org/maven2",1474434353475
deactivated,workbench,org.eclipse.ui.workbench,3.8.0.v20110909-1954,"",1474434353573
activated,workbench,org.eclipse.ui.workbench,3.8.0.v20110909-1954,"",1474434355612
started,bundle,org.eclipse.wst.xsl.core,1.1.100.v201102270516,"org.eclipse.wst.xsl.core",1474434358948
started,bundle,org.eclipse.wst.xsl.exslt.core,1.0.0.v201005240426,"org.eclipse.wst.xsl.exslt.core",1474434358951
started,bundle,org.eclipse.wst.dtd.core,1.1.501.v201107252021,"org.eclipse.wst.dtd.core",1474434359034
started,bundle,org.eclipse.wst.internet.cache,1.0.400.v201004280700,"org.eclipse.wst.internet.cache",1474434359107
activated,view,org.eclipse.jdt.ui,3.8.0.v20110913-2000,"org.eclipse.jdt.ui.PackageExplorer",1474434374433
deactivated,workbench,org.eclipse.ui.workbench,3.8.0.v20110909-1954,"",1474434378148
activated,workbench,org.eclipse.ui.workbench,3.8.0.v20110909-1954,"",1474434767848
deactivated,workbench,org.eclipse.ui.workbench,3.8.0.v20110909-1954,"",1474434775254
activated,workbench,org.eclipse.ui.workbench,3.8.0.v20110909-1954,"",1474434800615
activated,editor,org.eclipse.jst.jsp.ui,1.1.601.v201108151912,"org.eclipse.jst.jsp.core.jspsource.source",1474434800679
deactivated,workbench,org.eclipse.ui.workbench,3.8.0.v20110909-1954,"",1474434801793
activated,workbench,org.eclipse.ui.workbench,3.8.0.v20110909-1954,"",1474434829142
activated,view,org.eclipse.jdt.ui,3.8.0.v20110913-2000,"org.eclipse.jdt.ui.PackageExplorer",1474434830408
activated,editor,org.eclipse.jst.jsp.ui,1.1.601.v201108151912,"org.eclipse.jst.jsp.core.jspsource.source",1474434832970
activated,view,org.eclipse.jdt.ui,3.8.0.v20110913-2000,"org.eclipse.jdt.ui.PackageExplorer",1474434834317
closed,editor,org.eclipse.jst.jsp.ui,1.1.601.v201108151912,"org.eclipse.jst.jsp.core.jspsource.source",1474434834318
started,bundle,org.eclipse.ltk.core.refactoring,3.5.300.v20110621-0800,"org.eclipse.ltk.core.refactoring",1474434846392
opened,editor,org.eclipse.jst.jsp.ui,1.1.601.v201108151912,"org.eclipse.jst.jsp.core.jspsource.source",1474434846882
activated,editor,org.eclipse.jst.jsp.ui,1.1.601.v201108151912,"org.eclipse.jst.jsp.core.jspsource.source",1474434846906
started,bundle,org.eclipse.jst.jsf.common,1.2.3.v201104061039,"org.eclipse.jst.jsf.common",1474434867675
started,bundle,org.eclipse.jst.jsf.core,1.3.5.v201105031140,"org.eclipse.jst.jsf.core",1474434867686
started,bundle,org.eclipse.jst.jsf.facelet.ui,1.0.1.v201104032306,"org.eclipse.jst.jsf.facelet.ui",1474434867689
started,bundle,org.eclipse.jst.jsf.ui,1.3.2.v201104251204,"org.eclipse.jst.jsf.ui",1474434867725
deactivated,workbench,org.eclipse.ui.workbench,3.8.0.v20110909-1954,"",1474434868535
activated,workbench,org.eclipse.ui.workbench,3.8.0.v20110909-1954,"",1474434869430
deactivated,workbench,org.eclipse.ui.workbench,3.8.0.v20110909-1954,"",1474434870014
activated,workbench,org.eclipse.ui.workbench,3.8.0.v20110909-1954,"",1474434875184
deactivated,workbench,org.eclipse.ui.workbench,3.8.0.v20110909-1954,"",1474434885680
executed,command,org.eclipse.ui,3.7.100.v20110711-2027,"org.eclipse.ui.edit.findReplace",1474434885745
activated,workbench,org.eclipse.ui.workbench,3.8.0.v20110909-1954,"",1474434891492
deactivated,workbench,org.eclipse.ui.workbench,3.8.0.v20110909-1954,"",1474434906750
executed,command,org.eclipse.ui,3.7.100.v20110711-2027,"org.eclipse.ui.edit.findReplace",1474434906790
activated,workbench,org.eclipse.ui.workbench,3.8.0.v20110909-1954,"",1474434911191
activated,view,org.eclipse.jdt.ui,3.8.0.v20110913-2000,"org.eclipse.jdt.ui.PackageExplorer",1474434916637
executed,command,org.eclipse.ui,3.7.100.v20110711-2027,"org.eclipse.ui.edit.copy",1474434917678
deactivated,workbench,org.eclipse.ui.workbench,3.8.0.v20110909-1954,"",1474434919524
activated,workbench,org.eclipse.ui.workbench,3.8.0.v20110909-1954,"",1474434929421
executed,command,org.eclipse.ui,3.7.100.v20110711-2027,"org.eclipse.ui.edit.paste",1474434929891
started,bundle,org.eclipse.jdt.apt.core,3.3.500.v20110420-1015,"org.eclipse.jdt.apt.core",1474434930207
started,bundle,org.eclipse.jdt.apt.pluggable.core,1.0.400.v20110305-1450,"org.eclipse.jdt.apt.pluggable.core",1474434930231
deactivated,workbench,org.eclipse.ui.workbench,3.8.0.v20110909-1954,"",1474434931577
activated,workbench,org.eclipse.ui.workbench,3.8.0.v20110909-1954,"",1474434931694
activated,editor,org.eclipse.jst.jsp.ui,1.1.601.v201108151912,"org.eclipse.jst.jsp.core.jspsource.source",1474434934586
deactivated,workbench,org.eclipse.ui.workbench,3.8.0.v20110909-1954,"",1474434935290
activated,workbench,org.eclipse.ui.workbench,3.8.0.v20110909-1954,"",1474434956526
executed,command,org.eclipse.ui,3.7.100.v20110711-2027,"org.eclipse.ui.edit.copy",1474434965272
executed,command,org.eclipse.ui,3.7.100.v20110711-2027,"org.eclipse.ui.edit.paste",1474434967892
executed,command,org.eclipse.ui,3.7.100.v20110711-2027,"org.eclipse.ui.file.save",1474434969110
executed,command,org.eclipse.ui,3.7.100.v20110711-2027,"org.eclipse.ui.file.save",1474434992837
deactivated,workbench,org.eclipse.ui.workbench,3.8.0.v20110909-1954,"",1474435005850
executed,command,org.eclipse.ui,3.7.100.v20110711-2027,"org.eclipse.ui.edit.findReplace",1474435005924
started,bundle,org.eclipse.mylyn.java.tasks,3.6.0.v20110608-1400,"org.eclipse.mylyn.java.tasks",1474435006068
started,bundle,org.tigris.subversion.clientadapter.javahl,1.6.17,"org.tigris.subversion.clientadapter.javahl",1474435006143
started,bundle,org.tigris.subversion.clientadapter.svnkit,1.6.15,"org.tigris.subversion.clientadapter.svnkit",1474435006162
started,bundle,org.tmatesoft.svnkit,1.3.5.7406,"org.tmatesoft.svnkit",1474435006310
started,bundle,com.sun.jna,3.2.7,"com.sun.jna",1474435006543
activated,workbench,org.eclipse.ui.workbench,3.8.0.v20110909-1954,"",1474435010493
started,bundle,org.eclipse.jpt.jpa.ui,3.0.0.v201105170000,"org.eclipse.jpt.jpa.ui",1474435033505
started,bundle,org.eclipse.jst.jsf.facelet.core,1.0.100.v201104191527,"org.eclipse.jst.jsf.facelet.core",1474435033849
executed,command,org.eclipse.ui,3.7.100.v20110711-2027,"org.eclipse.ui.file.save",1474435046577
deactivated,workbench,org.eclipse.ui.workbench,3.8.0.v20110909-1954,"",1474435048838
executed,command,org.eclipse.ui,3.7.100.v20110711-2027,"org.eclipse.ui.edit.findReplace",1474435048917
activated,workbench,org.eclipse.ui.workbench,3.8.0.v20110909-1954,"",1474435053208
executed,command,org.eclipse.ui,3.7.100.v20110711-2027,"org.eclipse.ui.file.save",1474435077300
deactivated,workbench,org.eclipse.ui.workbench,3.8.0.v20110909-1954,"",1474435077752
activated,workbench,org.eclipse.ui.workbench,3.8.0.v20110909-1954,"",1474435099772
executed,command,org.eclipse.ui,3.7.100.v20110711-2027,"org.eclipse.ui.edit.copy",1474435130339
executed,command,org.eclipse.ui,3.7.100.v20110711-2027,"org.eclipse.ui.edit.paste",1474435143666
executed,command,org.eclipse.ui.workbench.texteditor,3.7.100.v20110816-0800,"org.eclipse.ui.edit.text.delete.line",1474435148503
executed,command,org.eclipse.ui.workbench.texteditor,3.7.100.v20110816-0800,"org.eclipse.ui.edit.text.delete.line",1474435155521
executed,command,org.eclipse.ui,3.7.100.v20110711-2027,"org.eclipse.ui.file.save",1474435157445
deactivated,workbench,org.eclipse.ui.workbench,3.8.0.v20110909-1954,"",1474435165951
activated,workbench,org.eclipse.ui.workbench,3.8.0.v20110909-1954,"",1474435192675
executed,command,org.eclipse.ui.workbench.texteditor,3.7.100.v20110816-0800,"org.eclipse.ui.edit.text.delete.line",1474435197944
executed,command,org.eclipse.ui,3.7.100.v20110711-2027,"org.eclipse.ui.file.save",1474435200928
deactivated,workbench,org.eclipse.ui.workbench,3.8.0.v20110909-1954,"",1474435204464
activated,workbench,org.eclipse.ui.workbench,3.8.0.v20110909-1954,"",1474435210351
deactivated,workbench,org.eclipse.ui.workbench,3.8.0.v20110909-1954,"",1474435215099
deactivated,workbench,org.eclipse.ui.workbench,3.8.0.v20110909-1954,"",1474435229319
activated,workbench,org.eclipse.ui.workbench,3.8.0.v20110909-1954,"",1474435652108
executed,command,org.eclipse.ui,3.7.100.v20110711-2027,"org.eclipse.ui.file.save",1474435676153
executed,command,org.eclipse.ui,3.7.100.v20110711-2027,"org.eclipse.ui.edit.paste",1474435678482
executed,command,org.eclipse.ui,3.7.100.v20110711-2027,"org.eclipse.ui.edit.cut",1474435684069
executed,command,org.eclipse.ui,3.7.100.v20110711-2027,"org.eclipse.ui.file.save",1474435684609
deactivated,workbench,org.eclipse.ui.workbench,3.8.0.v20110909-1954,"",1474435686035
activated,workbench,org.eclipse.ui.workbench,3.8.0.v20110909-1954,"",1474435735683
deactivated,workbench,org.eclipse.ui.workbench,3.8.0.v20110909-1954,"",1474435746544
activated,workbench,org.eclipse.ui.workbench,3.8.0.v20110909-1954,"",1474435747616
deactivated,workbench,org.eclipse.ui.workbench,3.8.0.v20110909-1954,"",1474435749212
activated,workbench,org.eclipse.ui.workbench,3.8.0.v20110909-1954,"",1474435935419
activated,view,org.eclipse.jdt.ui,3.8.0.v20110913-2000,"org.eclipse.jdt.ui.PackageExplorer",1474435943300
executed,command,org.eclipse.ui,3.7.100.v20110711-2027,"org.eclipse.ui.edit.paste",1474435952874
started,bundle,org.eclipse.pde.core,3.8.0.v20110909-2124,"org.eclipse.pde.core",1474435955473
started,bundle,org.eclipse.ltk.ui.refactoring,3.6.0.v20110505-0800,"org.eclipse.ltk.ui.refactoring",1474435955516
deactivated,workbench,org.eclipse.ui.workbench,3.8.0.v20110909-1954,"",1474435963567
started,bundle,org.eclipse.wst.jsdt.debug.rhino.ui,1.0.0.v201103232243,"org.eclipse.wst.jsdt.debug.rhino.ui",1474435979178
started,bundle,org.eclipse.ant.ui,3.5.300.v20110808,"org.eclipse.ant.ui",1474435979211
activated,workbench,org.eclipse.ui.workbench,3.8.0.v20110909-1954,"",1474435979526
executed,command,org.eclipse.jdt.ui,3.8.0.v20110913-2000,"org.eclipse.jdt.ui.edit.text.java.rename.element",1474435979546
started,bundle,org.eclipse.equinox.p2.garbagecollector,1.0.200.v20110808-1657,"org.eclipse.equinox.p2.garbagecollector",1474435979616
activated,editor,org.eclipse.jst.jsp.ui,1.1.601.v201108151912,"org.eclipse.jst.jsp.core.jspsource.source",1474435986040
executed,command,org.eclipse.ui,3.7.100.v20110711-2027,"org.eclipse.ui.edit.copy",1474435995794
executed,command,org.eclipse.ui,3.7.100.v20110711-2027,"org.eclipse.ui.edit.paste",1474436003044
executed,command,org.eclipse.ui,3.7.100.v20110711-2027,"org.eclipse.ui.file.save",1474436016345
deactivated,workbench,org.eclipse.ui.workbench,3.8.0.v20110909-1954,"",1474436018244
activated,workbench,org.eclipse.ui.workbench,3.8.0.v20110909-1954,"",1474436018339
deactivated,workbench,org.eclipse.ui.workbench,3.8.0.v20110909-1954,"",1474436018887
activated,workbench,org.eclipse.ui.workbench,3.8.0.v20110909-1954,"",1474436020160
deactivated,workbench,org.eclipse.ui.workbench,3.8.0.v20110909-1954,"",1474436021781
activated,workbench,org.eclipse.ui.workbench,3.8.0.v20110909-1954,"",1474436022795
deactivated,workbench,org.eclipse.ui.workbench,3.8.0.v20110909-1954,"",1474436023267
activated,workbench,org.eclipse.ui.workbench,3.8.0.v20110909-1954,"",1474436109816
activated,view,org.eclipse.jdt.ui,3.8.0.v20110913-2000,"org.eclipse.jdt.ui.PackageExplorer",1474436114963
executed,command,org.eclipse.ui,3.7.100.v20110711-2027,"org.eclipse.ui.edit.paste",1474436116040
deactivated,workbench,org.eclipse.ui.workbench,3.8.0.v20110909-1954,"",1474436120739
activated,workbench,org.eclipse.ui.workbench,3.8.0.v20110909-1954,"",1474436129103
executed,command,org.eclipse.jdt.ui,3.8.0.v20110913-2000,"org.eclipse.jdt.ui.edit.text.java.rename.element",1474436129111
activated,editor,org.eclipse.jst.jsp.ui,1.1.601.v201108151912,"org.eclipse.jst.jsp.core.jspsource.source",1474436130972
executed,command,org.eclipse.ui,3.7.100.v20110711-2027,"org.eclipse.ui.file.save",1474436132492
deactivated,workbench,org.eclipse.ui.workbench,3.8.0.v20110909-1954,"",1474436133568
activated,workbench,org.eclipse.ui.workbench,3.8.0.v20110909-1954,"",1474436134459
deactivated,workbench,org.eclipse.ui.workbench,3.8.0.v20110909-1954,"",1474436135081
activated,workbench,org.eclipse.ui.workbench,3.8.0.v20110909-1954,"",1474436154775
executed,command,org.eclipse.ui,3.7.100.v20110711-2027,"org.eclipse.ui.file.save",1474436161547
deactivated,workbench,org.eclipse.ui.workbench,3.8.0.v20110909-1954,"",1474436161978
activated,workbench,org.eclipse.ui.workbench,3.8.0.v20110909-1954,"",1474436173834
executed,command,org.eclipse.ui,3.7.100.v20110711-2027,"org.eclipse.ui.file.save",1474436175863
deactivated,workbench,org.eclipse.ui.workbench,3.8.0.v20110909-1954,"",1474436176203
activated,workbench,org.eclipse.ui.workbench,3.8.0.v20110909-1954,"",1474436177260
deactivated,workbench,org.eclipse.ui.workbench,3.8.0.v20110909-1954,"",1474436178451
activated,workbench,org.eclipse.ui.workbench,3.8.0.v20110909-1954,"",1474436249817
executed,command,org.eclipse.ui,3.7.100.v20110711-2027,"org.eclipse.ui.edit.copy",1474436255977
executed,command,org.eclipse.ui,3.7.100.v20110711-2027,"org.eclipse.ui.edit.paste",1474436268703
executed,command,org.eclipse.ui,3.7.100.v20110711-2027,"org.eclipse.ui.file.save",1474436270261
deactivated,workbench,org.eclipse.ui.workbench,3.8.0.v20110909-1954,"",1474436271497
activated,workbench,org.eclipse.ui.workbench,3.8.0.v20110909-1954,"",1474436280256
activated,view,org.eclipse.jdt.ui,3.8.0.v20110913-2000,"org.eclipse.jdt.ui.PackageExplorer",1474436280297
executed,command,org.eclipse.ui,3.7.100.v20110711-2027,"org.eclipse.ui.edit.paste",1474436281767
deactivated,workbench,org.eclipse.ui.workbench,3.8.0.v20110909-1954,"",1474436287735
activated,workbench,org.eclipse.ui.workbench,3.8.0.v20110909-1954,"",1474436295536
executed,command,org.eclipse.jdt.ui,3.8.0.v20110913-2000,"org.eclipse.jdt.ui.edit.text.java.rename.element",1474436295544
activated,editor,org.eclipse.jst.jsp.ui,1.1.601.v201108151912,"org.eclipse.jst.jsp.core.jspsource.source",1474436298544
executed,command,org.eclipse.ui,3.7.100.v20110711-2027,"org.eclipse.ui.file.save",1474436304706
deactivated,workbench,org.eclipse.ui.workbench,3.8.0.v20110909-1954,"",1474436305774
activated,workbench,org.eclipse.ui.workbench,3.8.0.v20110909-1954,"",1474436307041
deactivated,workbench,org.eclipse.ui.workbench,3.8.0.v20110909-1954,"",1474436307345
